,open,close,high,low,volume,money
2020-01-02,4.26,4.32,4.39,4.25,28397549.0,122819660.26
2020-01-03,4.33,4.32,4.38,4.29,28248929.0,122290316.85
2020-01-06,4.3,4.27,4.32,4.22,35744916.0,152399777.24
2020-01-07,4.28,4.36,4.37,4.27,37003054.0,160050553.75
2020-01-08,4.32,4.34,4.49,4.3,49839802.0,218255967.88
2020-01-09,4.35,4.37,4.44,4.33,34403561.0,150750076.23
2020-01-10,4.37,4.34,4.39,4.31,19357890.0,84016353.0
2020-01-13,4.3,4.31,4.34,4.24,24689560.0,105605197.74
2020-01-14,4.31,4.39,4.41,4.28,43973854.0,191467727.25
2020-01-15,4.37,4.55,4.71,4.37,85704611.0,390350120.8
2020-01-16,4.59,4.55,4.61,4.51,38070882.0,173165003.11
2020-01-17,4.56,4.44,4.58,4.41,29041568.0,130340016.59
2020-01-20,4.44,4.51,4.54,4.34,30602076.0,136071482.45
2020-01-21,4.46,4.46,4.52,4.4,23193152.0,103409666.2
2020-01-22,4.4,4.59,4.63,4.38,38893858.0,176548854.82
2020-01-23,4.65,5.05,5.05,4.59,141774352.0,706140530.17
2020-02-03,4.55,4.55,4.93,4.55,144511638.0,681661316.58
2020-02-04,4.75,5.0,5.0,4.65,73766287.0,360163807.81
2020-02-05,5.5,5.5,5.5,5.5,4627107.0,25470897.84
2020-02-06,6.06,6.06,6.06,6.06,9316170.0,56429187.5
2020-02-07,6.67,6.67,6.67,6.67,11048517.0,73667985.28
2020-02-10,7.34,7.34,7.34,6.9,427240790.0,3106120173.2
2020-02-11,7.1,7.76,8.07,6.98,452894237.0,3384072113.94
2020-02-12,7.51,8.54,8.54,7.37,210638712.0,1683132350.32
2020-02-13,9.11,8.0,9.39,7.98,487878623.0,4308677035.16
2020-02-14,8.33,8.19,8.43,7.67,323307119.0,2628578295.41
2020-02-17,8.0,8.05,8.2,7.76,233411509.0,1867632870.4
2020-02-18,8.0,8.86,8.86,7.96,282768714.0,2370180369.23
2020-02-19,8.85,9.29,9.74,8.72,396078286.0,3732788913.16
2020-02-20,9.66,10.22,10.22,9.5,229070871.0,2259186486.5
2020-02-21,10.95,11.25,11.25,10.55,363521529.0,4028088266.49
2020-02-24,10.86,10.63,11.2,10.13,309053039.0,3264687489.99
2020-02-25,9.99,9.78,10.17,9.57,330765180.0,3241089729.67
2020-02-26,9.68,9.7,10.21,9.55,239359533.0,2366439506.96
2020-02-27,9.4,8.74,9.4,8.73,240714636.0,2133574515.19
2020-02-28,8.33,9.36,9.61,8.08,352510449.0,3140829904.9
2020-03-02,9.54,9.78,10.22,9.3,328925856.0,3190665489.26
2020-03-03,9.79,10.51,10.76,9.5,361489082.0,3628493953.47
2020-03-04,10.18,9.7,10.45,9.58,250056933.0,2491544403.99
2020-03-05,9.69,10.67,10.67,9.33,335116894.0,3393616517.33
2020-03-06,10.56,11.13,11.74,10.42,369095978.0,4131807719.91
2020-03-09,10.9,10.9,11.86,10.27,307085648.0,3460806906.79
2020-03-10,11.06,12.0,12.0,10.84,388867890.0,4521269184.13
2020-03-11,12.21,12.19,13.19,11.93,389161703.0,4875212470.08
2020-03-12,11.37,11.08,12.16,10.97,317304850.0,3614133381.86
2020-03-13,10.46,10.02,10.91,9.97,331292894.0,3436706740.87
2020-03-16,10.18,9.73,10.46,9.4,273672564.0,2715992601.25
2020-03-17,9.98,10.06,10.35,9.71,238797287.0,2390402735.04
2020-03-18,9.98,9.69,10.36,9.64,226301781.0,2261704880.28
2020-03-19,9.58,9.28,9.75,8.83,244740399.0,2274894649.28
2020-03-20,9.4,8.89,9.49,8.65,197250162.0,1776740548.58
2020-03-23,8.54,8.78,9.2,8.36,187417197.0,1634192631.65
2020-03-24,8.95,8.51,8.95,7.96,183843542.0,1566543394.31
2020-03-25,8.71,8.64,8.94,8.54,148144262.0,1292201077.81
2020-03-26,8.44,8.37,8.81,8.32,134275018.0,1142894800.09
2020-03-27,8.52,8.25,8.67,8.25,134014921.0,1130166853.68
2020-03-30,8.07,8.03,8.29,7.71,149576729.0,1194128512.02
2020-03-31,8.17,8.09,8.34,7.95,157115336.0,1283262304.54
2020-04-01,8.02,8.41,8.82,7.93,201533380.0,1696934387.03
2020-04-02,8.32,8.82,9.0,8.3,184970680.0,1584630266.97
2020-04-03,8.63,8.32,8.7,8.2,155186531.0,1312226867.36
2020-04-07,8.53,8.48,8.66,8.38,142910062.0,1215525553.54
2020-04-08,8.39,8.56,8.66,8.27,146851221.0,1246077215.71
2020-04-09,8.6,8.4,8.62,8.38,116961222.0,993012812.32
2020-04-10,8.34,7.68,8.34,7.61,153850337.0,1221205504.07
2020-04-13,7.48,7.61,7.71,7.24,130622601.0,973241589.18
2020-04-14,7.58,7.74,7.8,7.52,101558865.0,776033584.85
2020-04-15,7.5,7.55,7.82,7.39,131901087.0,1002354962.56
2020-04-16,7.51,7.46,7.59,7.35,91733756.0,684314950.68
2020-04-17,7.6,7.17,7.75,7.14,205125427.0,1527072218.88
2020-04-20,7.09,7.38,7.51,7.04,148015435.0,1080237106.98
2020-04-21,7.39,7.35,7.58,7.27,121319183.0,898523461.09
2020-04-22,7.24,7.42,7.46,7.21,93363012.0,685217822.98
2020-04-23,7.39,7.07,7.4,7.04,111748010.0,802958618.06
2020-04-24,7.07,6.86,7.13,6.77,89865673.0,623101897.57
2020-04-27,6.91,6.84,6.95,6.75,50655406.0,346657687.07
2020-04-28,6.82,6.84,6.99,6.51,98830669.0,670744117.72
2020-04-29,6.88,6.62,6.9,6.62,66626425.0,448271642.04
2020-04-30,6.68,7.28,7.28,6.62,120634334.0,857305916.17
2020-05-06,7.35,7.5,7.53,7.13,209893050.0,1541713303.56
2020-05-07,7.44,7.17,7.45,7.15,128919367.0,936856782.65
2020-05-08,7.16,7.35,7.44,7.13,133435543.0,973338860.84
2020-05-11,7.3,7.3,7.47,7.25,102157205.0,751736402.83
2020-05-12,7.24,7.56,7.66,7.15,143475680.0,1066830591.95
2020-05-13,7.46,7.37,7.46,7.32,87165543.0,643508355.83
2020-05-14,7.27,7.32,7.48,7.24,72667494.0,535413862.02
2020-05-15,7.37,7.87,8.05,7.33,246734345.0,1925761068.12
2020-05-18,7.87,7.32,7.9,7.28,192169112.0,1464772009.86
2020-05-19,7.41,7.51,7.54,7.26,103129042.0,766125152.96
2020-05-20,7.45,7.66,7.87,7.36,143409751.0,1091480931.83
2020-05-21,7.62,7.21,7.67,7.15,115149428.0,851246282.91
2020-05-22,7.16,6.82,7.22,6.81,84483240.0,589555612.87
2020-05-25,6.79,6.44,6.79,6.38,81761843.0,536049482.17
2020-05-26,6.5,6.64,6.64,6.43,61929854.0,406054485.36
2020-05-27,6.63,6.42,6.67,6.36,62740650.0,406295565.1
2020-05-28,6.4,6.29,6.44,6.14,61277715.0,385025593.7
2020-05-29,6.24,6.37,6.54,6.24,54524610.0,349717203.21
2020-06-01,6.41,6.69,6.74,6.41,79259311.0,524741982.46
2020-06-02,6.69,6.84,7.03,6.62,101966166.0,696973807.95
2020-06-03,6.83,6.8,7.03,6.69,86585372.0,591752233.61
2020-06-04,6.84,6.73,6.96,6.72,52514762.0,357556468.57
2020-06-05,6.77,6.89,6.96,6.71,72223754.0,494471216.05
2020-06-08,6.97,7.1,7.21,6.88,97197495.0,687914598.61
2020-06-09,7.05,6.99,7.14,6.83,74483867.0,519812502.79
2020-06-10,6.96,6.91,7.06,6.79,52126359.0,358873180.45
2020-06-11,6.88,6.78,7.0,6.75,54144119.0,372309732.46
2020-06-12,6.54,6.75,6.77,6.49,56686959.0,376995339.5
2020-06-15,6.67,6.51,6.79,6.49,51369701.0,340598887.12
2020-06-16,6.57,6.65,6.72,6.55,44609582.0,295872251.81
2020-06-17,6.72,6.58,6.72,6.48,45216804.0,297674557.02
2020-06-18,6.55,6.68,6.81,6.49,66075628.0,442280385.19
2020-06-19,6.74,6.67,6.77,6.59,43946098.0,293758425.12
2020-06-22,6.75,6.83,7.02,6.72,82859123.0,567234682.56
2020-06-23,6.79,6.62,6.79,6.61,56040892.0,374400902.08
2020-06-24,6.64,6.72,6.83,6.57,57391564.0,384506095.93
2020-06-29,6.66,6.51,6.67,6.44,50239383.0,328126378.91
2020-06-30,6.56,6.55,6.6,6.48,37437327.0,245049538.22
2020-07-01,6.55,6.71,6.76,6.53,74001818.0,493666073.38
2020-07-02,6.74,7.11,7.38,6.7,163915078.0,1166010133.85
2020-07-03,7.01,7.14,7.3,7.0,126712688.0,904087486.26
2020-07-06,7.17,7.52,7.68,7.15,124107112.0,922746853.58
2020-07-07,7.61,7.52,7.83,7.46,151299523.0,1159971785.84
2020-07-08,7.47,7.65,7.69,7.39,112996312.0,852392902.71
2020-07-09,7.66,8.07,8.17,7.63,156148493.0,1238174280.99
2020-07-10,8.03,8.21,8.45,7.83,160073016.0,1316379462.2
2020-07-13,8.21,8.66,8.66,8.0,152872251.0,1277462753.36
2020-07-14,8.86,8.44,8.96,8.19,145964002.0,1244125659.54
2020-07-15,8.27,7.61,8.38,7.6,159089020.0,1256396647.95
2020-07-16,7.53,7.22,7.78,7.13,90425225.0,676559528.65
2020-07-17,7.22,7.11,7.33,6.98,64665740.0,463039809.35
2020-07-20,7.18,7.54,7.56,7.13,69990137.0,515151864.39
2020-07-21,7.5,7.7,7.86,7.45,80361584.0,614381019.06
2020-07-22,7.59,7.58,7.75,7.51,61539702.0,467813547.81
2020-07-23,7.48,7.41,7.53,7.14,66063423.0,484054969.63
2020-07-24,7.34,6.87,7.43,6.78,68048824.0,481749588.22
2020-07-27,6.92,6.74,6.95,6.67,40421484.0,274369364.89
2020-07-28,6.78,6.87,6.9,6.78,31141282.0,213358844.2
2020-07-29,6.85,7.1,7.15,6.81,42024270.0,294640709.96
2020-07-30,7.1,6.94,7.14,6.93,40332587.0,282284716.6
2020-07-31,7.0,7.04,7.18,6.95,44500752.0,314252917.49
2020-08-03,7.09,7.34,7.35,7.08,60399322.0,439862733.93
2020-08-04,7.34,7.48,7.67,7.26,76278238.0,570471473.13
2020-08-05,7.75,7.49,7.8,7.44,67316542.0,510755949.49
2020-08-06,7.47,7.31,7.51,7.24,66042743.0,484144595.18
2020-08-07,7.32,7.04,7.43,6.97,56052368.0,400485748.83
2020-08-10,7.01,7.18,7.25,6.94,41773117.0,297361225.56
2020-08-11,7.11,6.93,7.18,6.91,40968821.0,289066709.93
2020-08-12,6.95,6.91,7.01,6.73,44074203.0,301240672.06
2020-08-13,6.9,6.86,6.95,6.85,27620379.0,190570432.13
2020-08-14,6.83,6.91,6.92,6.81,24067988.0,165564528.44
2020-08-17,6.93,7.06,7.16,6.89,41254178.0,290232135.39
2020-08-18,7.6,7.76,7.76,7.6,54501270.0,420874729.42
2020-08-19,7.8,7.35,8.04,7.31,156984788.0,1205970012.88
2020-08-20,7.31,7.37,7.6,7.25,69790981.0,517926404.45
2020-08-21,7.37,7.25,7.47,7.2,52487431.0,383346191.4
2020-08-24,7.27,7.22,7.31,7.06,39435670.0,283377953.89
2020-08-25,7.18,7.06,7.24,7.0,44499756.0,316448479.24
2020-08-26,7.03,6.87,7.06,6.84,39215595.0,271409626.36
2020-08-27,6.88,6.94,6.99,6.83,30515997.0,211134209.32
2020-08-28,6.91,7.0,7.02,6.89,30107571.0,209302704.5
2020-08-31,7.02,6.97,7.11,6.96,33546823.0,236079102.76
2020-09-01,6.97,6.93,6.99,6.83,28976179.0,199815747.8
2020-09-02,6.93,6.97,7.02,6.9,32663793.0,226791152.06
2020-09-03,6.96,6.91,6.96,6.88,24144031.0,166662071.29
2020-09-04,6.83,7.17,7.25,6.74,76087943.0,539482967.06
2020-09-07,7.19,6.99,7.36,6.96,68255066.0,491074546.66
2020-09-08,6.99,6.93,7.02,6.84,38859850.0,268635845.32
2020-09-09,6.88,6.79,6.92,6.78,36879161.0,251859899.7
2020-09-10,6.85,6.48,6.89,6.42,43540227.0,289395107.9
2020-09-11,6.41,6.55,6.61,6.39,20529685.0,133699268.5
2020-09-14,6.56,6.6,6.66,6.53,17364257.0,114580008.31
2020-09-15,6.6,6.65,6.79,6.44,23263351.0,154219228.18
2020-09-16,6.62,6.54,6.68,6.53,16601645.0,109413268.52
2020-09-17,6.47,6.54,6.63,6.47,17202346.0,112491490.0
2020-09-18,6.54,6.71,6.71,6.51,25125993.0,166354646.69
2020-09-21,6.7,6.62,6.75,6.61,20746720.0,138553533.0
2020-09-22,6.57,6.5,6.58,6.45,18971992.0,123555521.64
2020-09-23,6.52,6.52,6.56,6.49,12634793.0,82333416.88
2020-09-24,6.48,6.22,6.48,6.22,26911895.0,170059964.03
2020-09-25,6.26,6.01,6.29,5.95,27395448.0,166646643.71
2020-09-28,6.09,5.86,6.09,5.83,18554470.0,109886573.64
2020-09-29,5.9,5.89,5.99,5.85,11902174.0,70425431.98
2020-09-30,5.9,5.91,5.95,5.87,10083770.0,59567811.23
2020-10-09,6.01,6.08,6.12,6.01,16413531.0,99538574.66
2020-10-12,6.19,6.46,6.53,6.18,37420492.0,239422091.1
2020-10-13,6.45,6.4,6.45,6.33,19957345.0,127274563.78
2020-10-14,6.42,6.19,6.43,6.18,22942654.0,143781325.05
2020-10-15,6.24,6.15,6.3,6.13,17892588.0,111048129.11
2020-10-16,6.21,6.08,6.21,6.06,13077613.0,79761348.16
2020-10-19,6.13,6.04,6.19,5.99,15989869.0,97436706.14
2020-10-20,6.0,6.1,6.13,5.95,13834770.0,83658616.24
2020-10-21,6.07,6.0,6.09,5.96,11146736.0,66892774.8
2020-10-22,6.0,5.96,6.0,5.89,11663288.0,69328998.04
2020-10-23,5.96,5.89,6.03,5.88,13148295.0,77993623.81
2020-10-26,5.9,5.82,5.9,5.75,10957091.0,63863678.97
2020-10-27,5.8,5.75,5.84,5.64,14331277.0,82266287.12
2020-10-28,5.75,5.69,5.75,5.59,14332620.0,81093584.41
2020-10-29,5.59,5.59,5.66,5.56,15795128.0,88579172.16
2020-10-30,5.69,5.7,5.97,5.69,40592726.0,235148697.4
2020-11-02,5.75,6.26,6.26,5.75,72508795.0,441679434.44
2020-11-03,6.29,6.5,6.73,6.15,98699314.0,627322425.54
2020-11-04,6.35,6.43,6.68,6.26,70015405.0,452810004.63
2020-11-05,6.49,6.46,6.55,6.38,46444018.0,300199634.43
2020-11-06,6.46,6.65,6.77,6.36,70608058.0,468291621.04
2020-11-09,6.72,6.76,6.86,6.59,72053035.0,485087408.58
2020-11-10,6.71,6.64,6.75,6.53,49150790.0,326566917.49
2020-11-11,6.65,6.49,6.67,6.41,40387417.0,262623682.26
2020-11-12,6.73,6.87,7.14,6.66,128840147.0,889279556.48
2020-11-13,6.72,6.58,6.77,6.53,68983433.0,456445179.08
2020-11-16,6.61,6.65,6.69,6.52,40472211.0,266883119.79
2020-11-17,6.56,6.54,6.58,6.36,44847330.0,289140233.24
2020-11-18,6.5,6.49,6.57,6.44,28005542.0,181968655.15
2020-11-19,6.48,6.57,6.69,6.43,41846542.0,275812537.36
2020-11-20,6.52,6.56,6.59,6.47,27834769.0,181447234.25
2020-11-23,6.57,6.54,6.61,6.48,32603615.0,213021991.86
2020-11-24,6.54,6.59,6.72,6.49,43035745.0,285197208.17
2020-11-25,6.59,6.59,6.67,6.56,33434951.0,221295141.07
2020-11-26,6.58,6.77,6.78,6.56,53205016.0,355705137.98
2020-11-27,6.76,6.69,6.83,6.62,38636923.0,258170692.36
2020-11-30,6.66,6.6,6.69,6.52,34095360.0,224787610.23
2020-12-01,6.58,6.72,6.78,6.56,41870339.0,279377258.49
2020-12-02,6.7,7.1,7.29,6.68,111217817.0,779315291.94
2020-12-03,7.09,6.84,7.17,6.8,77327356.0,535850761.06
2020-12-04,6.88,6.69,6.9,6.65,47632345.0,320837877.39
2020-12-07,6.69,6.89,6.95,6.67,58030270.0,398206917.69
2020-12-08,6.9,6.92,6.95,6.78,37996533.0,261481870.08
2020-12-09,6.9,6.66,6.91,6.64,34960669.0,237102172.11
2020-12-10,6.64,6.49,6.69,6.44,34942541.0,229285284.9
2020-12-11,6.47,6.28,6.62,6.17,33469714.0,213578188.13
2020-12-14,6.24,6.29,6.3,6.11,21400968.0,132858219.74
2020-12-15,6.23,6.31,6.35,6.22,15159719.0,95423723.48
2020-12-16,6.43,6.48,6.68,6.38,37424892.0,244511902.46
2020-12-17,6.39,6.5,6.55,6.25,29386966.0,187869393.63
2020-12-18,6.6,6.49,6.65,6.47,22486032.0,147021239.29
2020-12-21,6.44,6.65,6.69,6.38,31401527.0,206801044.78
2020-12-22,6.58,6.49,6.71,6.45,29680682.0,195339658.11
2020-12-23,6.44,6.54,6.58,6.42,27500491.0,179139904.64
2020-12-24,6.52,6.36,6.57,6.3,25855627.0,165920248.02
2020-12-25,6.34,6.28,6.38,6.21,18749114.0,118001312.55
2020-12-28,6.28,6.06,6.29,6.06,23385877.0,143682114.76
2020-12-29,6.07,6.3,6.49,6.05,30921736.0,193920756.47
2020-12-30,6.29,6.32,6.38,6.18,19854565.0,125021868.53
2020-12-31,6.31,6.45,6.52,6.29,29554001.0,190027035.16
2021-01-04,6.54,6.53,6.59,6.4,32543833.0,212209151.54
2021-01-05,6.52,6.76,6.77,6.48,52088673.0,348197953.99
2021-01-06,6.82,6.62,6.84,6.53,36180836.0,240024773.38
2021-01-07,6.58,6.34,6.66,6.24,37012988.0,237738659.34
2021-01-08,6.33,6.52,6.78,6.28,46196572.0,302316038.23
2021-01-11,6.52,6.57,6.69,6.45,38654356.0,254194134.63
2021-01-12,6.57,6.84,6.89,6.41,72765705.0,489014604.08
2021-01-13,6.73,7.02,7.06,6.67,84148470.0,578776581.54
2021-01-14,6.96,6.89,7.04,6.81,56042937.0,387390727.48
2021-01-15,6.83,7.01,7.2,6.75,80326712.0,563989116.73
2021-01-18,6.92,7.04,7.1,6.87,53301527.0,371612250.62
2021-01-19,7.0,6.71,7.0,6.66,50999392.0,348369776.93
2021-01-20,6.71,6.74,6.81,6.66,28807403.0,193728250.91
2021-01-21,6.71,6.67,6.81,6.63,39796557.0,267270552.8
2021-01-22,6.66,6.91,6.92,6.56,66769362.0,451957417.84
2021-01-25,6.85,7.03,7.13,6.77,64667658.0,450296119.93
2021-01-26,6.97,7.02,7.19,6.89,67110077.0,475020960.29
2021-01-27,6.96,6.88,7.04,6.75,41969907.0,288043978.03
2021-01-28,6.76,6.47,6.82,6.45,39917741.0,265360800.21
2021-01-29,6.49,6.3,6.55,6.13,38051502.0,240298796.81
2021-02-01,6.18,6.23,6.31,6.0,34239510.0,210538654.13
2021-02-02,6.23,6.16,6.27,6.12,19186876.0,118852239.16
2021-02-03,6.17,5.89,6.19,5.88,29409846.0,176083568.64
2021-02-04,5.9,5.96,6.0,5.74,22057125.0,129275229.92
2021-02-05,5.94,5.77,6.01,5.77,16213377.0,95209944.7
2021-02-08,5.79,5.78,5.9,5.78,13333000.0,77829785.11
2021-02-09,5.78,5.93,5.96,5.75,12251578.0,72322835.12
2021-02-10,6.1,6.02,6.13,5.99,14550295.0,88012443.58
2021-02-18,6.06,6.12,6.21,6.06,18097968.0,110968277.54
2021-02-19,6.13,6.22,6.25,6.07,18662920.0,115130304.68
2021-02-22,6.19,6.18,6.31,6.14,26232257.0,163617062.32
2021-02-23,6.21,6.02,6.21,5.98,21095454.0,128052271.38
2021-02-24,6.04,6.05,6.13,6.0,15434396.0,93374183.04
2021-02-25,6.05,6.02,6.09,5.99,14106100.0,85036887.69
2021-02-26,5.95,5.9,5.99,5.88,15822231.0,93772767.88
2021-03-01,5.93,6.04,6.04,5.92,12929213.0,77505814.76
2021-03-02,6.07,6.01,6.08,5.96,11767407.0,70820854.67
2021-03-03,6.02,6.06,6.06,5.97,13064793.0,78652848.58
2021-03-04,6.04,5.99,6.06,5.95,12323408.0,73948219.82
2021-03-05,5.97,6.0,6.03,5.91,11000694.0,65795915.32
2021-03-08,6.08,5.97,6.1,5.95,13489697.0,81330062.74
2021-03-09,5.93,5.85,6.0,5.75,16846137.0,98797733.57
2021-03-10,5.9,5.76,5.91,5.76,9488840.0,55282220.36
2021-03-11,5.79,5.88,5.92,5.75,10940609.0,63982666.91
2021-03-12,5.95,5.87,5.95,5.85,9576175.0,56278131.83
2021-03-15,5.84,5.9,5.9,5.82,10779901.0,63265176.66
2021-03-16,5.91,5.88,5.97,5.83,11433518.0,67354053.88
2021-03-17,5.86,5.93,5.93,5.82,11366410.0,67063864.44
2021-03-18,5.93,5.89,5.94,5.87,10402880.0,61349540.25
2021-03-19,5.85,5.84,5.9,5.82,11221104.0,65758301.28
2021-03-22,5.84,6.01,6.03,5.84,21731571.0,130127521.36
2021-03-23,6.0,6.04,6.1,6.0,16243618.0,98027136.93
2021-03-24,6.03,5.92,6.03,5.9,14104599.0,83782913.34
2021-03-25,5.92,5.89,5.96,5.88,8516802.0,50335983.55
2021-03-26,5.9,5.93,5.94,5.87,9185403.0,54315257.92
2021-03-29,5.93,5.88,5.94,5.87,9710316.0,57317558.66
2021-03-30,5.87,5.98,6.03,5.85,16222959.0,96209324.52
2021-03-31,5.94,5.98,6.02,5.93,10498242.0,62789392.86
2021-04-01,5.98,6.12,6.23,5.97,31419407.0,192692433.88
2021-04-02,6.11,6.16,6.25,6.07,20541252.0,127052692.6
2021-04-06,6.16,6.13,6.21,6.08,12444320.0,76250445.98
2021-04-07,6.13,6.08,6.13,6.03,13158754.0,79851621.54
2021-04-08,6.08,5.99,6.11,5.98,14423876.0,87065184.23
2021-04-09,6.01,6.0,6.02,5.96,9507638.0,56945923.24
2021-04-12,5.97,5.9,5.97,5.88,11929849.0,70581608.69
2021-04-13,5.91,5.92,5.92,5.86,8277228.0,48788319.5
2021-04-14,5.93,5.94,5.95,5.89,7669037.0,45497555.99
2021-04-15,5.93,5.95,5.96,5.87,8996687.0,53190338.29
2021-04-16,5.96,6.02,6.06,5.94,11913081.0,71402691.72
2021-04-19,6.09,6.03,6.09,6.0,16272361.0,98069820.01
2021-04-20,6.05,6.02,6.06,5.99,12952692.0,78093205.7
2021-04-21,5.98,5.95,6.02,5.94,9656946.0,57623648.12
2021-04-22,5.96,6.11,6.13,5.96,22027351.0,133494182.55
2021-04-23,6.11,6.13,6.17,6.04,21835380.0,133544189.66
2021-04-26,6.13,6.05,6.19,6.05,14923979.0,91313054.46
2021-04-27,6.03,6.11,6.13,5.99,12617009.0,76515568.76
2021-04-28,6.08,6.13,6.15,6.06,10573125.0,64495315.92
2021-04-29,6.14,6.09,6.17,6.09,10000685.0,61199071.9
2021-04-30,6.08,6.28,6.41,6.05,36217731.0,226684420.42
2021-05-06,6.32,6.26,6.37,6.24,18265852.0,114944245.17
2021-05-07,6.29,6.16,6.32,6.14,15329585.0,95444947.05
2021-05-10,6.16,6.48,6.56,6.11,35065078.0,224678561.18
2021-05-11,6.52,6.54,6.64,6.41,31835308.0,207794060.69
2021-05-12,6.45,6.5,6.51,6.44,17286799.0,111977024.82
2021-05-13,6.45,6.49,6.56,6.44,17030663.0,110395917.9
2021-05-14,6.47,6.5,6.5,6.36,17341754.0,111622552.67
2021-05-17,6.48,6.46,6.57,6.43,16282255.0,105473996.53
2021-05-18,6.44,6.4,6.48,6.37,11661372.0,74637444.32
2021-05-19,6.4,6.27,6.41,6.26,11723815.0,73932633.92
2021-05-20,6.29,6.27,6.36,6.26,9968965.0,62658067.07
2021-05-21,6.26,6.25,6.3,6.24,7149345.0,44796626.84
2021-05-24,6.26,6.27,6.35,6.2,10742333.0,67489484.7
2021-05-25,6.26,6.32,6.33,6.21,11954828.0,74915352.98
2021-05-26,6.32,6.26,6.36,6.24,10962440.0,69025743.08
2021-05-27,6.26,6.43,6.43,6.23,15999853.0,101924624.5
2021-05-28,6.42,6.37,6.47,6.34,12882616.0,82312989.29
2021-05-31,6.36,6.37,6.44,6.34,8679735.0,55387825.9
2021-06-01,6.33,6.32,6.4,6.26,9799256.0,62044059.05
2021-06-02,6.3,6.18,6.36,6.14,14429280.0,90014310.24
2021-06-03,6.19,6.19,6.24,6.14,8577919.0,53146651.63
2021-06-04,6.23,6.15,6.23,6.1,11705571.0,71941943.71
2021-06-07,6.15,6.25,6.25,6.13,10198525.0,63272438.85
2021-06-08,6.24,6.17,6.24,6.15,9649387.0,59750353.75
2021-06-09,6.14,6.14,6.2,6.09,9088834.0,55783889.28
2021-06-10,6.12,6.15,6.18,6.08,10542955.0,64563989.35
2021-06-11,6.16,6.03,6.16,6.03,12049231.0,73216303.2
2021-06-15,6.09,6.02,6.09,6.01,7198758.0,43538919.72
2021-06-16,6.01,6.01,6.08,6.0,6377408.0,38443420.84
2021-06-17,6.01,6.4,6.55,6.0,41642825.0,263227378.76
2021-06-18,6.34,6.39,6.46,6.29,24865883.0,158420584.38
2021-06-21,6.33,6.4,6.57,6.24,20923208.0,134511782.56
2021-06-22,6.42,6.39,6.57,6.36,19771636.0,127382799.4
2021-06-23,6.42,6.51,6.66,6.35,38274528.0,250344586.75
2021-06-24,6.52,6.47,6.57,6.46,21298565.0,138704254.48
2021-06-25,6.47,6.52,6.56,6.34,24851770.0,160759292.92
2021-06-28,6.54,6.5,6.63,6.49,15032221.0,98576826.66
2021-06-29,6.52,6.42,6.55,6.37,16900074.0,108764895.37
2021-06-30,6.41,6.6,6.69,6.36,27625049.0,180870868.96
2021-07-01,6.62,6.44,6.62,6.41,21020419.0,136281232.78
2021-07-02,6.49,6.52,6.65,6.39,26165762.0,170516480.7
2021-07-05,6.54,6.46,6.61,6.38,20891007.0,134842814.56
2021-07-06,6.48,6.5,6.57,6.39,19141874.0,123853233.27
2021-07-07,6.44,6.31,6.45,6.24,22877404.0,144943168.35
2021-07-08,6.31,6.22,6.41,6.21,17455520.0,109868871.17
2021-07-09,6.21,6.17,6.22,6.09,16994033.0,104545633.29
2021-07-12,6.23,6.22,6.29,6.18,18131019.0,113024815.25
2021-07-13,6.22,6.21,6.23,6.13,14756540.0,91208645.92
2021-07-14,6.21,6.1,6.32,6.09,20721090.0,127590527.82
2021-07-15,6.09,6.13,6.19,6.05,12606455.0,77012259.28
2021-07-16,6.12,6.09,6.16,6.07,13799380.0,84346823.77
2021-07-19,6.07,6.06,6.1,6.01,11172299.0,67623464.68
2021-07-20,6.04,6.1,6.12,6.02,9328545.0,56673516.32
2021-07-21,6.1,6.13,6.18,6.09,14871759.0,91339562.11
2021-07-22,6.13,6.12,6.13,6.08,11805210.0,72062364.38
2021-07-23,6.13,6.17,6.25,6.12,20250146.0,125342805.37
2021-07-26,6.17,6.04,6.17,5.96,18329478.0,110775625.37
2021-07-27,6.08,6.12,6.32,5.99,26349379.0,161858099.34
2021-07-28,6.04,5.84,6.12,5.79,23780032.0,140215151.78
2021-07-29,5.9,5.95,5.96,5.86,10736220.0,63503833.06
2021-07-30,5.92,5.91,5.97,5.85,10581609.0,62449274.39
2021-08-02,5.88,5.96,5.97,5.82,12130771.0,71616112.06
2021-08-03,5.96,6.2,6.32,5.93,47922450.0,297326184.39
2021-08-04,6.21,6.23,6.26,6.14,18111140.0,112443229.94
2021-08-05,6.24,6.36,6.42,6.21,27861324.0,177072205.81
2021-08-06,6.37,6.4,6.41,6.27,19235300.0,122199744.36
2021-08-09,6.38,6.86,6.99,6.38,79193839.0,536360181.55
2021-08-10,6.86,7.43,7.54,6.86,145200450.0,1061671670.3
2021-08-11,7.33,7.39,7.5,7.25,87069594.0,641185600.76
2021-08-12,7.47,7.66,7.77,7.39,78455275.0,597698223.37
2021-08-13,7.66,7.88,7.98,7.59,62697155.0,491697073.5
2021-08-16,7.94,7.73,8.11,7.63,55780483.0,435732568.06
2021-08-17,7.71,7.42,7.77,7.39,62299120.0,472220984.59
2021-08-18,7.51,7.68,7.76,7.33,54986957.0,415597415.6
2021-08-19,7.58,7.48,7.73,7.41,44445174.0,334762595.19
2021-08-20,7.46,7.53,7.56,7.34,35409660.0,264666576.52
2021-08-23,7.44,7.41,7.58,7.36,44422691.0,331547608.38
2021-08-24,7.39,7.46,7.57,7.34,31188131.0,232737769.91
2021-08-25,7.53,7.68,7.75,7.4,47359235.0,358615030.15
2021-08-26,7.63,7.63,7.82,7.48,42459595.0,324856162.35
2021-08-27,7.66,7.35,8.09,7.23,95728681.0,727015327.76
2021-08-30,7.32,7.52,7.67,7.19,58087775.0,437913943.49
2021-08-31,7.52,7.52,7.52,7.52,0.0,0.0
2021-09-01,7.52,7.52,7.52,7.52,0.0,0.0
2021-09-02,7.52,7.52,7.52,7.52,0.0,0.0
2021-09-03,7.52,7.52,7.52,7.52,0.0,0.0
2021-09-06,7.52,7.52,7.52,7.52,0.0,0.0
2021-09-07,7.52,7.52,7.52,7.52,0.0,0.0
2021-09-08,7.52,7.52,7.52,7.52,0.0,0.0
2021-09-09,7.52,7.52,7.52,7.52,0.0,0.0
2021-09-10,7.52,7.52,7.52,7.52,0.0,0.0
2021-09-13,8.27,7.62,8.27,6.93,157886941.0,1207606797.04
2021-09-14,7.38,6.96,7.42,6.96,67447090.0,482993046.94
2021-09-15,7.01,7.35,7.4,7.01,57684136.0,420026446.23
2021-09-16,7.35,7.38,7.82,7.28,45640736.0,343374256.39
2021-09-17,7.35,7.15,7.38,7.09,27236475.0,195993496.86
2021-09-22,7.09,7.18,7.26,6.85,22131656.0,156526679.72
2021-09-23,7.18,7.0,7.18,6.99,23802670.0,168018748.42
2021-09-24,7.0,6.73,7.17,6.73,31410315.0,216256013.49
2021-09-27,6.7,6.25,6.8,6.15,46104033.0,293660742.94
2021-09-28,6.22,6.2,6.4,6.16,25214985.0,157810284.28
2021-09-29,6.16,6.01,6.24,6.01,19719269.0,120073043.54
2021-09-30,6.08,6.2,6.23,6.04,11828213.0,72840371.17
2021-10-08,6.22,6.34,6.36,6.22,12606905.0,79460223.09
2021-10-11,6.34,6.34,6.39,6.25,11150854.0,70379694.59
2021-10-12,6.3,6.16,6.3,6.06,13126575.0,80984421.73
2021-10-13,6.2,6.13,6.21,6.09,7377709.0,45328312.59
2021-10-14,6.13,6.11,6.19,6.07,9271130.0,57009812.0
2021-10-15,5.95,6.01,6.09,5.9,17010503.0,102153233.0
2021-10-18,6.02,5.97,6.07,5.95,12219184.0,73178186.0
2021-10-19,6.01,6.01,6.07,5.96,10747518.0,64581080.0
2021-10-20,6.0,5.98,6.04,5.97,9557332.0,57212829.0
2021-10-21,5.95,5.91,6.0,5.9,11576752.0,68703107.0
2021-10-22,5.93,5.92,5.98,5.85,7241357.0,42926932.56
2021-10-25,5.91,5.95,5.98,5.84,9630163.0,56923648.95
2021-10-26,5.93,5.87,5.94,5.84,10192592.0,59967281.0
2021-10-27,5.75,5.62,5.83,5.55,19018889.0,107490168.84
2021-10-28,5.55,5.48,5.66,5.47,12837309.0,71056131.36
2021-10-29,5.55,5.57,5.6,5.41,10003051.0,55238743.62
2021-11-01,5.54,5.69,5.7,5.53,8766144.0,49412990.04
2021-11-02,5.69,5.59,5.73,5.51,8770390.0,49313104.32
2021-11-03,5.59,5.64,5.66,5.57,6024427.0,33867395.22
2021-11-04,5.61,5.66,5.69,5.56,6245352.0,35155867.35
2021-11-05,5.66,5.79,5.85,5.61,13499775.0,77690076.35
2021-11-08,5.95,5.88,5.95,5.73,13295820.0,77635834.26
2021-11-09,5.86,6.19,6.32,5.83,29555175.0,181485864.29
2021-11-10,6.26,6.29,6.34,6.14,18827652.0,118019707.48
2021-11-11,6.27,6.22,6.32,6.2,12893549.0,80538940.88
2021-11-12,6.24,6.33,6.45,6.22,15268465.0,96904796.21
2021-11-15,6.33,6.32,6.44,6.27,12933792.0,82437135.13
2021-11-16,6.32,6.2,6.37,6.19,12177797.0,76393174.07
2021-11-17,6.21,6.12,6.23,6.11,12038013.0,74042828.5
2021-11-18,6.2,6.1,6.29,6.09,13206491.0,81217585.66
2021-11-19,6.1,6.14,6.17,6.07,11165127.0,68448165.98
2021-11-22,6.14,6.19,6.2,6.1,10064532.0,62103883.86
2021-11-23,6.2,6.22,6.3,6.17,11357903.0,70833798.99
2021-11-24,6.22,6.22,6.25,6.14,9322280.0,57813150.68
2021-11-25,6.19,6.17,6.24,6.15,9226104.0,57091494.61
2021-11-26,6.18,6.06,6.18,6.03,11101842.0,67518611.35
2021-11-29,5.98,6.01,6.09,5.89,11611426.0,69488820.56
2021-11-30,6.04,6.48,6.61,5.99,44872150.0,286608952.44
2021-12-01,6.4,6.5,6.6,6.36,28498191.0,185358508.41
2021-12-02,6.51,6.41,6.54,6.39,16582637.0,106903363.65
2021-12-03,6.42,6.45,6.56,6.38,17607426.0,113591100.5
2021-12-06,6.44,6.54,6.67,6.41,24899449.0,163305912.11
2021-12-07,6.56,6.42,6.58,6.31,21125825.0,135556457.02
2021-12-08,6.46,6.33,6.5,6.3,14513135.0,92212698.83
2021-12-09,6.39,6.5,6.59,6.35,23247745.0,151155501.06
2021-12-10,6.4,6.47,6.55,6.37,14073368.0,91092482.8
2021-12-13,6.49,6.43,6.53,6.41,13295863.0,85859291.7
2021-12-14,6.37,6.4,6.46,6.37,9132174.0,58595359.34
2021-12-15,6.43,6.3,6.46,6.29,12737813.0,80919477.17
2021-12-16,6.3,6.31,6.35,6.26,9483864.0,59796323.19
2021-12-17,6.34,6.3,6.37,6.29,8406265.0,53148483.88
2021-12-20,6.35,6.35,6.48,6.34,14305514.0,91505852.37
2021-12-21,6.35,6.36,6.43,6.27,12498012.0,79079208.0
2021-12-22,6.38,6.45,6.53,6.36,15045855.0,97095235.48
2021-12-23,6.47,6.42,6.49,6.42,11182675.0,72114229.47
2021-12-24,6.42,6.39,6.49,6.38,13100911.0,84236928.72
2021-12-27,6.42,6.43,6.47,6.39,11120322.0,71595297.6
2021-12-28,6.47,6.45,6.49,6.42,11293135.0,72826056.08
2021-12-29,6.47,6.58,6.66,6.44,22989010.0,150891033.0
2021-12-30,6.61,6.51,6.63,6.5,13615755.0,88920551.0
2021-12-31,6.55,6.49,6.57,6.47,11288900.0,73491081.4
2022-01-04,6.53,6.69,6.77,6.48,25848157.0,171034688.72
2022-01-05,6.71,6.74,6.91,6.69,26134157.0,177154433.91
2022-01-06,6.69,6.64,6.8,6.63,15993980.0,106953153.92
2022-01-07,6.66,6.67,6.78,6.63,12898755.0,86192804.53
2022-01-10,6.64,6.57,6.66,6.56,16525160.0,109282334.0
2022-01-11,6.57,6.58,6.65,6.54,9538838.0,62842850.0
2022-01-12,6.6,6.55,6.6,6.53,8194772.0,53659912.0
2022-01-13,6.54,6.5,6.62,6.5,8178738.0,53589621.0
2022-01-14,6.51,6.3,6.54,6.29,12100606.0,77165333.0
2022-01-17,6.33,6.46,6.48,6.27,10052961.0,64247893.0
2022-01-18,6.47,6.34,6.51,6.28,10653882.0,67865875.0
2022-01-19,6.32,6.19,6.35,6.14,10827423.0,67650429.0
2022-01-20,6.21,6.07,6.24,6.05,10305214.0,63150619.0
2022-01-21,6.07,6.01,6.09,5.98,7415996.0,44706510.0
2022-01-24,6.01,6.01,6.03,5.94,6110045.0,36610295.0
2022-01-25,6.02,5.74,6.02,5.68,24577443.0,142477612.0
2022-01-26,5.69,5.81,5.88,5.69,8202432.0,47585311.0
2022-01-27,5.81,5.71,5.88,5.7,8610963.0,49712524.0
2022-01-28,5.72,5.78,5.84,5.68,6604010.0,38140183.0
2022-02-07,5.88,5.93,5.95,5.85,6624715.0,39129439.0
2022-02-08,5.95,6.02,6.02,5.91,7963343.0,47601501.0
2022-02-09,6.01,6.03,6.06,5.98,6429841.0,38782542.0
2022-02-10,6.02,6.01,6.04,5.98,5059169.0,30377764.0
2022-02-11,5.99,5.94,6.01,5.91,7074807.0,42068153.0
2022-02-14,5.9,5.91,5.97,5.85,7450756.0,44024439.0
2022-02-15,5.96,5.91,5.97,5.88,4399875.0,26035607.0
2022-02-16,5.93,5.89,5.99,5.86,7750843.0,45696004.0
2022-02-17,5.88,5.82,5.9,5.8,6591074.0,38402769.0
2022-02-18,5.77,5.88,5.89,5.77,4941936.0,28894217.0
2022-02-21,5.85,5.92,5.92,5.83,6068101.0,35713319.0
2022-02-22,5.89,5.8,5.89,5.79,6888755.0,40136006.0
2022-02-23,5.8,5.88,5.88,5.73,8481610.0,49431885.0
2022-02-24,5.86,5.63,5.87,5.55,14792688.0,84281237.0
2022-02-25,5.65,5.73,5.75,5.65,6361554.0,36259391.0
2022-02-28,5.77,5.67,5.77,5.57,5554199.0,31371552.0
2022-03-01,5.65,5.72,5.73,5.64,5294445.0,30097951.0
2022-03-02,5.67,5.67,5.71,5.64,5264551.0,29840674.0
2022-03-03,5.69,5.66,5.71,5.65,4801067.0,27253317.0
2022-03-04,5.64,5.61,5.67,5.57,6733880.0,37778657.0
2022-03-07,5.6,5.44,5.61,5.42,10612565.0,57992941.0
2022-03-08,5.44,5.27,5.48,5.25,8857250.0,47297158.0
2022-03-09,5.28,5.04,5.32,4.86,15992399.0,81184845.0
2022-03-10,5.17,5.11,5.25,5.1,8507807.0,43879915.0
2022-03-11,5.06,5.19,5.2,4.98,6876906.0,34935226.0
2022-03-14,5.14,5.05,5.2,5.05,5462269.0,27996457.0
2022-03-15,5.05,4.76,5.05,4.72,15763389.0,76825215.0
2022-03-16,4.79,4.87,4.91,4.66,14529701.0,69720644.0
2022-03-17,4.93,5.0,5.1,4.91,13718544.0,68945217.0
2022-03-18,5.0,5.13,5.14,4.98,10315131.0,52228715.0
2022-03-21,5.12,5.13,5.19,5.05,9329661.0,47670544.0
2022-03-22,5.12,5.28,5.37,5.08,14314015.0,75481949.0
2022-03-23,5.27,5.29,5.34,5.23,7565074.0,39981109.0
2022-03-24,5.26,5.22,5.29,5.18,6739819.0,35224072.0
2022-03-25,5.22,5.19,5.28,5.18,5254724.0,27474887.0
2022-03-28,5.19,5.2,5.25,5.12,4691171.0,24329036.0
2022-03-29,5.24,5.09,5.24,5.05,8105528.0,41457108.0
2022-03-30,5.14,5.28,5.34,5.14,14820265.0,77875550.0
2022-03-31,5.31,5.44,5.49,5.28,14569371.0,79007184.0
2022-04-01,5.45,5.41,5.47,5.34,9813609.0,52905725.0
2022-04-06,5.4,5.38,5.45,5.33,13727389.0,73797913.0
2022-04-07,5.38,5.29,5.41,5.28,8852298.0,47352344.0
2022-04-08,5.29,5.24,5.31,5.17,9603042.0,50251429.0
2022-04-11,5.18,5.06,5.26,5.02,11073232.0,56765101.0
2022-04-12,5.04,5.32,5.36,4.98,12185595.0,62706237.0
2022-04-13,5.31,5.07,5.31,5.07,10025723.0,51583887.0
2022-04-14,5.15,5.09,5.16,5.07,6288630.0,32149635.0
2022-04-15,5.02,4.97,5.05,4.94,9617566.0,47978090.0
2022-04-18,4.99,4.99,5.03,4.86,7179934.0,35642421.0
2022-04-19,5.01,5.01,5.03,4.96,6051038.0,30264165.0
2022-04-20,5.03,5.0,5.18,4.97,9322913.0,47312112.0
2022-04-21,5.01,4.85,5.06,4.82,10345696.0,51179462.0
2022-04-22,4.85,4.92,4.97,4.73,9817313.0,47579260.0
2022-04-25,4.87,4.5,4.88,4.43,15492632.0,71714054.0
2022-04-26,4.5,4.23,4.53,4.19,12379792.0,54082218.0
2022-04-27,4.16,4.44,4.54,3.97,13244825.0,56879717.0
2022-04-28,4.38,4.26,4.42,4.21,12691515.0,54628928.0
2022-04-29,4.29,4.46,4.49,4.29,13250348.0,58383774.0
2022-05-05,4.46,4.53,4.59,4.43,8579529.0,38817838.0
2022-05-06,4.42,4.43,4.48,4.38,7093542.0,31379100.0
2022-05-09,4.43,4.53,4.56,4.36,8065409.0,36364123.0
2022-05-10,4.52,4.54,4.56,4.44,6764069.0,30477861.0
2022-05-11,4.54,4.58,4.7,4.46,9904578.0,45833038.0
2022-05-12,4.57,4.59,4.64,4.53,5733779.0,26253240.0
2022-05-13,4.6,4.63,4.65,4.56,6617201.0,30487364.0
2022-05-16,4.66,4.6,4.75,4.59,6558432.0,30377053.0
2022-05-17,4.57,4.61,4.64,4.52,6144760.0,28160908.0
2022-05-18,4.59,4.72,4.79,4.58,11238684.0,52803482.0
2022-05-19,4.65,4.75,4.76,4.63,8536301.0,40127105.0
2022-05-20,4.78,4.84,4.86,4.75,9749975.0,46811506.0
2022-05-23,4.88,5.17,5.25,4.82,24241044.0,122820160.0
2022-05-24,5.25,5.22,5.62,5.2,41883155.0,226189992.0
2022-05-25,5.25,5.35,5.48,5.22,31921132.0,171221673.0
2022-05-26,5.35,5.55,5.64,5.31,27514778.0,151529678.0
2022-05-27,5.54,5.5,5.6,5.46,19770195.0,109291463.0
2022-05-30,5.5,5.43,5.55,5.37,15214961.0,82519790.0
2022-05-31,5.41,5.57,5.63,5.39,20756745.0,114862155.0
2022-06-01,5.56,5.56,5.6,5.46,14483554.0,80024750.0
2022-06-02,5.49,5.55,5.6,5.46,11319017.0,62484796.0
2022-06-06,5.53,5.6,5.7,5.45,22467872.0,125560541.0
2022-06-07,5.66,5.62,5.79,5.56,16788554.0,94852334.0
2022-06-08,5.56,5.57,5.66,5.45,16648151.0,92492710.0
2022-06-09,5.57,5.46,5.61,5.43,11796235.0,65028406.0
2022-06-10,5.46,5.71,5.75,5.41,18888791.0,105878291.0
2022-06-13,5.69,5.58,5.75,5.52,11299275.0,63516586.0
2022-06-14,5.51,5.66,5.68,5.46,13739254.0,76231511.0
2022-06-15,5.68,6.11,6.23,5.66,48916255.0,293647831.0
2022-06-16,6.05,6.14,6.25,6.0,34126590.0,209908581.0
2022-06-17,6.1,6.04,6.1,5.91,27636833.0,166097054.0
2022-06-20,6.03,6.21,6.23,6.02,24289860.0,148701711.0
2022-06-21,6.2,6.08,6.28,6.03,21018203.0,128916269.0
2022-06-22,6.13,6.09,6.21,6.07,18127376.0,111119536.0
2022-06-23,6.16,6.3,6.42,6.12,24081462.0,151821283.0
2022-06-24,6.24,6.29,6.35,6.23,14153373.0,88998651.0
2022-06-27,6.4,6.41,6.51,6.28,25009826.0,159720646.0
2022-06-28,6.35,6.3,6.4,6.22,20525753.0,129278560.0
2022-06-29,6.22,5.92,6.29,5.89,30292166.0,182721521.0
2022-06-30,5.95,6.05,6.16,5.92,15592316.0,94630522.0
2022-07-01,6.66,6.32,6.66,6.25,88212067.0,579635160.0
2022-07-04,5.9,6.0,6.09,5.69,82750774.0,489513813.0
2022-07-05,6.0,5.87,6.31,5.8,41164507.0,246588732.0
2022-07-06,5.83,5.87,6.24,5.76,36715149.0,218852533.0
2022-07-07,5.75,5.84,6.02,5.73,23068703.0,135234296.0
2022-07-08,5.85,5.84,5.97,5.82,16547733.0,97090129.0
2022-07-11,5.84,5.76,5.85,5.69,18966278.0,108924376.0
2022-07-12,5.8,5.71,5.91,5.71,17654975.0,102136917.0
2022-07-13,5.76,5.67,5.8,5.6,15339699.0,87103209.0
2022-07-14,5.73,5.53,5.76,5.48,23997190.0,133867640.0
2022-07-15,5.52,5.42,5.54,5.41,16170700.0,88514607.0
2022-07-18,5.52,5.52,5.57,5.43,13353326.0,73657925.0
2022-07-19,5.52,5.63,5.66,5.48,14861575.0,83022591.0
2022-07-20,5.62,5.63,5.68,5.59,9836856.0,55442576.0
2022-07-21,5.62,5.63,5.72,5.6,12884032.0,72913675.0
2022-07-22,5.62,5.67,5.72,5.59,12744845.0,72138134.0
2022-07-25,5.61,5.56,5.73,5.54,11827643.0,66393896.0
2022-07-26,5.53,5.56,5.62,5.49,12220400.0,67840808.0
2022-07-27,5.56,5.45,5.56,5.42,15899102.0,86737470.0
2022-07-28,5.45,5.44,5.56,5.43,16204674.0,89100176.0
2022-07-29,5.43,5.31,5.46,5.3,20156050.0,107919291.0
2022-08-01,5.34,5.45,5.48,5.27,17469995.0,94335453.0
2022-08-02,5.36,5.16,5.43,5.06,23105399.0,120120192.0
2022-08-03,5.14,5.07,5.29,5.04,16403061.0,85058301.0
2022-08-04,5.1,5.15,5.19,5.06,10458439.0,53640009.0
2022-08-05,5.19,5.49,5.67,5.11,53987331.0,295983523.0
2022-08-08,5.46,5.34,5.51,5.25,38215696.0,205083446.0
2022-08-09,5.33,5.36,5.4,5.27,18219238.0,96969295.0
2022-08-10,5.33,5.4,5.46,5.31,18066801.0,97474898.0
2022-08-11,5.4,5.52,5.53,5.4,21085731.0,115649989.0
2022-08-12,5.52,5.47,5.55,5.46,12424103.0,68357263.0
2022-08-15,5.45,5.54,5.57,5.39,15813373.0,86635763.0
2022-08-16,5.53,5.55,5.6,5.48,12024900.0,66556100.0
2022-08-17,5.56,5.55,5.58,5.51,10017496.0,55540837.0
2022-08-18,5.56,5.55,5.57,5.49,11400778.0,63041708.0
2022-08-19,5.58,5.6,5.84,5.56,19284380.0,109020126.0
2022-08-22,5.56,5.6,5.65,5.51,11634353.0,64986958.0
2022-08-23,5.56,5.81,5.82,5.56,34149501.0,195952016.0
2022-08-24,5.81,5.58,5.96,5.56,35950424.0,206156552.0
2022-08-25,5.61,5.34,5.64,5.26,25201047.0,135516228.0
2022-08-26,5.38,5.26,5.4,5.25,12371450.0,65719594.0
2022-08-29,5.23,5.53,5.6,5.13,25735086.0,140766876.0
2022-08-30,5.53,5.66,5.69,5.48,24857864.0,138927322.0
2022-08-31,5.66,5.6,5.81,5.57,25813540.0,147567917.0
2022-09-01,5.58,5.45,5.65,5.44,16283785.0,89880592.0
2022-09-02,5.47,5.57,5.59,5.44,10274865.0,56868212.0
2022-09-05,5.57,5.68,5.82,5.53,18866345.0,107289601.0
2022-09-06,5.71,5.7,5.78,5.64,12647466.0,71941261.0
2022-09-07,5.75,5.67,5.77,5.64,9604371.0,54416825.0
2022-09-08,5.7,5.53,5.71,5.53,12355900.0,69063914.0
2022-09-09,5.54,5.58,5.62,5.5,9254459.0,51432114.0
2022-09-13,5.58,5.57,5.68,5.55,7684700.0,43046053.0
2022-09-14,5.5,5.43,5.51,5.37,11240298.0,61030360.0
2022-09-15,5.46,5.31,5.49,5.23,11101266.0,59195221.0
2022-09-16,5.31,5.16,5.34,5.16,9779600.0,51161703.0
2022-09-19,5.16,5.06,5.23,5.03,11117010.0,56550000.0
2022-09-20,5.1,5.07,5.15,5.05,7816797.0,39765829.0
2022-09-21,5.08,5.1,5.11,5.0,10351745.0,52325930.0
2022-09-22,5.05,5.07,5.13,5.02,10097617.0,51244782.0
2022-09-23,5.08,5.0,5.11,4.95,11459441.0,57645680.0
2022-09-26,4.95,4.85,4.99,4.84,10757150.0,52851775.0
2022-09-27,4.88,5.05,5.07,4.88,8591772.0,42703937.0
2022-09-28,5.05,4.97,5.08,4.96,6066740.0,30400324.0
2022-09-29,5.02,4.87,5.05,4.85,8395827.0,41338348.0
2022-09-30,4.85,4.81,4.93,4.79,6860673.0,33214240.0
2022-10-10,4.9,4.71,4.93,4.7,6709433.0,32034999.0
2022-10-11,4.71,4.78,4.82,4.7,6893954.0,32891171.0
2022-10-12,4.79,5.01,5.02,4.74,8436041.0,41152157.0
2022-10-13,4.98,5.02,5.08,4.96,7562489.0,38017543.0
2022-10-14,5.04,5.09,5.11,5.03,7607689.0,38639682.0
2022-10-17,5.03,5.12,5.14,5.03,8571424.0,43620537.0
2022-10-18,5.13,5.11,5.16,5.1,5682300.0,29094771.0
2022-10-19,5.11,5.03,5.13,5.02,7143200.0,36218606.0
2022-10-20,5.05,5.09,5.13,4.97,9663504.0,48874505.0
2022-10-21,5.08,5.06,5.13,5.04,6430890.0,32680227.0
2022-10-24,5.07,4.93,5.13,4.9,11268424.0,56362162.0
2022-10-25,4.96,4.92,4.98,4.86,7919754.0,38958560.0
2022-10-26,4.96,5.04,5.07,4.9,7924019.0,39756361.0
2022-10-27,5.02,5.11,5.14,5.02,9689416.0,49514009.0
2022-10-28,5.11,4.91,5.12,4.89,10165417.0,50664509.0
2022-10-31,4.89,4.86,4.99,4.83,13656304.0,66944526.0
2022-11-01,4.86,5.02,5.02,4.86,12046500.0,59785399.0
2022-11-02,5.07,5.1,5.18,5.05,11646986.0,59477758.0
2022-11-03,5.09,5.04,5.09,5.01,7170381.0,36194097.0
2022-11-04,5.04,5.12,5.13,5.01,9795107.0,49813655.0
2022-11-07,5.1,5.15,5.17,5.09,9584313.0,49260067.0
2022-11-08,5.15,5.13,5.18,5.07,7569624.0,38687104.0
2022-11-09,5.15,5.11,5.15,5.09,6799074.0,34794001.0
2022-11-10,5.09,5.09,5.18,5.05,11313900.0,57681294.0
2022-11-11,5.14,5.13,5.19,5.1,14251314.0,73354740.0
2022-11-14,5.16,5.13,5.21,5.12,11384323.0,58801555.0
2022-11-15,5.11,5.27,5.27,5.08,13869761.0,72268131.0
2022-11-16,5.23,5.21,5.28,5.19,9781934.0,51107853.0
2022-11-17,5.18,5.2,5.2,5.1,12615905.0,65036742.0
2022-11-18,5.19,5.12,5.23,5.11,8871145.0,45882066.0
2022-11-21,5.13,5.01,5.13,4.99,12236734.0,61509006.0
2022-11-22,5.0,4.93,5.03,4.92,14015996.0,69651396.0
2022-11-23,4.93,4.96,4.97,4.86,9930204.0,48855639.0
2022-11-24,4.93,4.92,4.97,4.91,9407300.0,46465423.0
2022-11-25,4.91,4.92,4.93,4.87,5896766.0,28926988.0
2022-11-28,4.88,4.84,4.88,4.78,11375732.0,54904807.0
2022-11-29,4.9,4.98,5.0,4.86,12994827.0,64226450.0
2022-11-30,4.99,4.93,4.99,4.91,8654264.0,42843751.0
2022-12-01,4.97,4.97,5.01,4.96,9662128.0,48213116.0
2022-12-02,4.95,4.97,5.0,4.95,7143890.0,35546159.0
2022-12-05,4.99,5.07,5.09,4.99,13635016.0,68963812.0
2022-12-06,5.07,5.07,5.12,5.03,10597500.0,53889842.0
2022-12-07,5.08,5.06,5.08,5.02,8309000.0,41969738.0
2022-12-08,5.06,5.02,5.07,5.01,7866837.0,39541308.0
2022-12-09,5.03,5.07,5.09,5.01,11369554.0,57427333.0
2022-12-12,5.06,4.93,5.07,4.93,11419500.0,56811098.0
2022-12-13,4.98,4.94,4.98,4.91,6722166.0,33231800.0
2022-12-14,4.95,4.91,5.02,4.91,6554240.0,32504907.0
2022-12-15,4.91,4.94,4.99,4.9,6172720.0,30537877.0
2022-12-16,4.91,4.89,4.93,4.85,7625500.0,37203992.0
2022-12-19,4.91,4.75,4.94,4.72,14228604.0,68063608.0
2022-12-20,4.75,4.73,4.76,4.64,7999237.0,37704413.0
2022-12-21,4.78,4.67,4.78,4.64,10451990.0,49037486.0
2022-12-22,4.67,4.59,4.71,4.57,7128619.0,33092560.0
2022-12-23,4.6,4.61,4.66,4.56,4988351.0,22980699.0
2022-12-26,4.61,4.61,4.65,4.58,6066900.0,27951856.0
2022-12-27,4.6,4.63,4.64,4.57,5484300.0,25252746.0
2022-12-28,4.63,4.57,4.63,4.54,6604732.0,30265286.0
2022-12-29,4.55,4.5,4.57,4.5,6073973.0,27467397.0
2022-12-30,4.52,4.51,4.55,4.47,7876143.0,35436907.0
2023-01-03,4.51,4.59,4.59,4.47,8912616.0,40412667.0
2023-01-04,4.56,4.63,4.65,4.54,10659130.0,49120010.0
2023-01-05,4.65,4.62,4.66,4.6,6052898.0,27940947.0
2023-01-06,4.62,4.62,4.65,4.6,6558571.0,30309658.0
2023-01-09,4.62,4.6,4.64,4.58,6522676.0,30034326.0
2023-01-10,4.61,4.62,4.65,4.58,7160398.0,33082214.0
2023-01-11,4.6,4.63,4.68,4.6,9064350.0,42149785.0
2023-01-12,4.65,4.63,4.67,4.61,7796312.0,36162932.0
2023-01-13,4.66,4.66,4.67,4.59,7783202.0,35984648.0
2023-01-16,4.68,4.72,4.76,4.65,10248333.0,48220047.0
2023-01-17,4.79,4.72,4.79,4.67,11086606.0,52251826.0
2023-01-18,4.72,4.72,4.76,4.7,5730000.0,27076374.0
2023-01-19,4.7,4.76,4.77,4.7,6136987.0,29097651.0
2023-01-20,4.77,4.78,4.8,4.74,6910000.0,32996699.0
2023-01-30,4.83,4.81,4.88,4.8,10814408.0,52300678.0
2023-01-31,4.69,4.71,4.72,4.64,16439114.0,76850134.0
2023-02-01,4.75,4.79,4.81,4.69,10130302.0,48155266.0
2023-02-02,4.8,4.81,4.85,4.78,11374000.0,54912696.0
2023-02-03,4.83,4.8,4.85,4.75,10020730.0,48070530.0
2023-02-06,4.79,4.74,4.8,4.71,7497212.0,35605327.0
2023-02-07,4.75,4.79,4.79,4.72,9466330.0,44960102.0
2023-02-08,4.8,4.74,4.8,4.74,7870100.0,37469831.0
2023-02-09,4.78,4.84,4.87,4.72,14083854.0,67598725.0
2023-02-10,4.84,4.82,4.88,4.77,16458035.0,79462687.0
2023-02-13,4.83,4.84,4.85,4.8,9484405.0,45874211.0
2023-02-14,4.87,4.83,4.88,4.81,9337560.0,45197721.0
2023-02-15,4.84,4.9,4.97,4.83,16992852.0,83434497.0
2023-02-16,4.88,4.84,4.97,4.8,18688500.0,91718789.0
2023-02-17,4.83,4.79,4.89,4.78,10937548.0,52857058.0
2023-02-20,4.79,4.91,4.91,4.76,14952894.0,72637137.0
2023-02-21,4.95,4.87,4.97,4.83,28328084.0,138438065.0
2023-02-22,4.87,4.88,4.89,4.81,15087158.0,73204209.0
2023-02-23,4.91,4.87,4.92,4.83,11471813.0,55932375.0
2023-02-24,4.89,4.85,4.89,4.83,7311000.0,35484433.0
2023-02-27,4.81,4.81,4.88,4.8,8584244.0,41508545.0
2023-02-28,4.82,4.81,4.84,4.75,12485436.0,59831513.0
2023-03-01,4.78,4.86,4.88,4.78,11698900.0,56702953.0
2023-03-02,4.85,4.83,4.87,4.82,9610370.0,46561260.0
2023-03-03,4.84,4.87,4.87,4.83,11062420.0,53643888.0
2023-03-06,4.89,4.81,4.9,4.8,10078100.0,48683605.0
2023-03-07,4.8,4.69,4.84,4.69,13020109.0,61958012.0
2023-03-08,4.69,4.7,4.71,4.66,8129064.0,38093336.0
2023-03-09,4.69,4.7,4.72,4.65,6872293.0,32198516.0
2023-03-10,4.68,4.62,4.71,4.62,7589906.0,35398605.0
2023-03-13,4.6,4.64,4.65,4.57,7616456.0,35115812.0
2023-03-14,4.64,4.6,4.64,4.5,9754665.0,44527904.0
2023-03-15,4.59,4.68,4.68,4.59,7142288.0,33230581.0
2023-03-16,4.66,4.6,4.67,4.58,7330014.0,33862586.0
2023-03-17,4.6,4.65,4.68,4.6,7358400.0,34181038.0
2023-03-20,4.68,4.65,4.71,4.62,5396279.0,25176983.0
2023-03-21,4.65,4.66,4.67,4.63,6664673.0,30972766.0
2023-03-22,4.64,4.73,4.74,4.64,13102350.0,61644760.0
2023-03-23,4.72,4.85,4.86,4.7,20289186.0,97519348.0
2023-03-24,4.87,5.11,5.2,4.85,54185879.0,273662416.0
2023-03-27,5.08,5.03,5.18,4.93,28987341.0,146039376.0
2023-03-28,4.99,4.84,5.01,4.82,24553100.0,119725970.0
2023-03-29,4.82,4.97,5.25,4.82,49988454.0,253422040.0
2023-03-30,4.93,5.08,5.15,4.81,47260519.0,237322391.0
2023-03-31,5.05,5.09,5.11,4.95,29154888.0,146653980.0
2023-04-03,5.21,5.16,5.29,5.12,46027420.0,239041800.0
2023-04-04,5.15,5.2,5.35,5.1,47804749.0,250581679.0
2023-04-06,5.17,5.37,5.6,5.17,58943134.0,316744649.0
2023-04-07,5.3,5.32,5.47,5.28,37686054.0,201419516.0
2023-04-10,5.32,5.18,5.32,5.16,26318060.0,137636385.0
2023-04-11,5.18,5.17,5.28,5.14,24634031.0,128087556.0
2023-04-12,5.17,5.19,5.24,5.13,20189470.0,104756405.0
2023-04-13,5.16,5.04,5.17,5.04,28218455.0,143727357.0
2023-04-14,5.07,5.05,5.1,4.97,21960917.0,110553001.0
2023-04-17,5.1,5.13,5.19,5.06,18274888.0,93805524.0
2023-04-18,5.13,5.02,5.13,5.01,15553180.0,78505015.0
2023-04-19,5.02,5.04,5.13,4.99,13963000.0,70476610.0
2023-04-20,5.03,5.05,5.09,5.01,14309300.0,72270257.0
2023-04-21,5.05,4.86,5.06,4.84,21605700.0,106311053.0
2023-04-24,4.88,4.82,4.93,4.78,14234700.0,68889547.0
2023-04-25,4.82,4.71,4.84,4.64,13855342.0,65281102.0
2023-04-26,4.71,4.7,4.75,4.65,12599780.0,59292566.0
2023-04-27,4.72,4.68,4.72,4.64,10719746.0,50078537.0
2023-04-28,4.67,4.74,4.74,4.67,9361987.0,44059353.0
2023-05-04,4.78,4.82,4.88,4.77,13415268.0,64609907.0
2023-05-05,4.83,4.76,4.83,4.69,12294946.0,58399390.0
2023-05-08,4.76,4.73,4.78,4.69,11026743.0,52152223.0
2023-05-09,4.73,4.78,4.86,4.71,14786562.0,70905737.0
2023-05-10,4.78,4.83,4.85,4.77,10841980.0,52158817.0
2023-05-11,4.83,4.79,4.85,4.78,7725148.0,37136009.0
2023-05-12,4.8,4.83,4.86,4.76,9702988.0,46684545.0
2023-05-15,4.82,4.77,4.84,4.65,11772868.0,55641896.0
2023-05-16,4.76,4.7,4.77,4.69,7818476.0,36887669.0
2023-05-17,4.69,4.71,4.74,4.67,5614503.0,26451353.0
2023-05-18,4.72,4.75,4.78,4.71,7787853.0,36980437.0
2023-05-19,4.74,4.84,4.93,4.71,15935534.0,76938340.0
2023-05-22,4.9,4.89,4.99,4.85,13765819.0,67373915.0
2023-05-23,4.86,4.77,4.87,4.77,11361227.0,54558607.0
2023-05-24,4.75,4.7,4.8,4.69,10419540.0,49295393.0
2023-05-25,4.71,4.68,4.77,4.6,12128800.0,56702371.0
2023-05-26,4.66,4.82,4.97,4.65,23268069.0,112222265.0
2023-05-29,4.81,4.83,4.94,4.8,22695800.0,110874636.0
2023-05-30,4.86,4.82,4.91,4.73,11702400.0,56006726.0
2023-05-31,4.82,4.92,4.93,4.79,18161245.0,88676992.0
2023-06-01,4.9,4.85,4.91,4.82,12250946.0,59547887.0
2023-06-02,4.86,5.08,5.2,4.82,44748918.0,226178381.0
2023-06-05,4.99,5.07,5.09,4.91,27352497.0,137231819.0
2023-06-06,5.09,4.89,5.1,4.88,20224979.0,100181968.0
2023-06-07,4.94,4.95,4.96,4.87,11708300.0,57633938.0
2023-06-08,4.94,4.9,4.96,4.81,16244035.0,79416313.0
2023-06-09,4.95,4.92,4.96,4.87,12683845.0,62278814.0
2023-06-12,4.9,4.98,5.0,4.88,15956795.0,79041149.0
2023-06-13,4.97,4.99,5.0,4.95,11189361.0,55626454.0
2023-06-14,4.98,4.93,4.99,4.92,12160823.0,60138470.0
2023-06-15,4.95,4.93,4.95,4.89,12936656.0,63758084.0
2023-06-16,4.9,4.91,4.93,4.87,13690400.0,67123187.0
2023-06-19,4.89,4.8,4.91,4.8,17821000.0,86286400.0
2023-06-20,4.81,4.81,4.83,4.75,11154240.0,53432625.0
2023-06-21,4.8,4.68,4.81,4.67,13785422.0,65014675.0
2023-06-26,4.65,4.56,4.68,4.55,13768269.0,63470838.0
2023-06-27,4.59,4.63,4.65,4.56,9605832.0,44359248.0
2023-06-28,4.63,4.65,4.68,4.56,9382677.0,43285135.0
2023-06-29,4.64,4.7,4.73,4.63,8984140.0,42089277.0
2023-06-30,4.69,4.72,4.74,4.65,7613940.0,35857936.0
2023-07-03,4.73,4.74,4.76,4.71,8646795.0,40883344.0
2023-07-04,4.73,4.72,4.76,4.71,8746145.0,41388330.0
2023-07-05,4.71,4.68,4.73,4.67,9390429.0,44103699.0
2023-07-06,4.66,4.74,4.78,4.66,12078687.0,57326292.0
2023-07-07,4.73,4.76,4.78,4.69,11360297.0,53924706.0
2023-07-10,4.77,4.73,4.81,4.7,8646759.0,40867533.0
2023-07-11,4.73,4.76,4.78,4.71,7271249.0,34573963.0
2023-07-12,4.76,4.7,4.77,4.69,8148800.0,38548936.0
2023-07-13,4.68,4.77,4.77,4.67,13732797.0,65104435.0
2023-07-14,4.76,4.75,4.85,4.74,11681460.0,55856856.0
2023-07-17,4.68,4.59,4.69,4.54,22730643.0,104263617.0
2023-07-18,4.58,4.6,4.74,4.54,16497286.0,76219744.0
2023-07-19,4.58,4.59,4.61,4.51,10072560.0,46004731.0
2023-07-20,4.6,4.55,4.63,4.54,8828308.0,40368665.0
2023-07-21,4.55,4.58,4.59,4.54,7483596.0,34219841.0
2023-07-24,4.57,4.58,4.6,4.55,4782930.0,21891748.0
2023-07-25,4.6,4.64,4.65,4.59,10221495.0,47279951.0
2023-07-26,4.63,4.63,4.64,4.6,8209300.0,37951235.0
2023-07-27,4.62,4.62,4.64,4.61,7993600.0,36966765.0
2023-07-28,4.6,4.67,4.68,4.59,12210620.0,56673155.0
2023-07-31,4.68,4.73,4.75,4.68,14353762.0,67690606.0
2023-08-01,4.72,4.73,4.74,4.69,9555521.0,45123658.0
2023-08-02,4.73,4.76,4.78,4.71,10267521.0,48838779.0
2023-08-03,4.75,4.77,4.77,4.72,9983901.0,47404886.0
2023-08-04,4.78,4.76,4.81,4.76,13460802.0,64390985.0
2023-08-07,4.77,4.74,4.78,4.72,7519601.0,35649002.0
2023-08-08,4.74,4.71,4.76,4.7,6278100.0,29600829.0
2023-08-09,4.7,4.67,4.71,4.65,7300916.0,34133091.0
2023-08-10,4.66,4.65,4.68,4.63,7147000.0,33242805.0
2023-08-11,4.65,4.57,4.66,4.56,10648003.0,49008887.0
2023-08-14,4.54,4.49,4.55,4.45,14477900.0,65089165.0
2023-08-15,4.48,4.46,4.49,4.42,10452675.0,46515825.0
2023-08-16,4.44,4.42,4.48,4.42,7229014.0,32102657.0
2023-08-17,4.42,4.47,4.47,4.36,7073644.0,31330333.0
2023-08-18,4.46,4.38,4.48,4.38,6799040.0,30113106.0
2023-08-21,4.38,4.33,4.42,4.32,8042900.0,35196025.0
2023-08-22,4.36,4.33,4.38,4.27,8515445.0,36742253.0
2023-08-23,4.34,4.23,4.34,4.22,8110340.0,34553080.0
2023-08-24,4.24,4.23,4.27,4.2,8498800.0,35996392.0
2023-08-25,4.23,4.14,4.24,4.12,10706438.0,44678266.0
2023-08-28,4.3,4.2,4.35,4.18,13211802.0,56236811.0
2023-08-29,4.2,4.32,4.34,4.18,10652764.0,45671502.0
2023-08-30,4.32,4.33,4.4,4.32,10678300.0,46565868.0
2023-08-31,4.35,4.3,4.37,4.28,5351100.0,23061112.0
2023-09-01,4.31,4.33,4.34,4.28,6129400.0,26394842.0
2023-09-04,4.34,4.4,4.4,4.32,7228300.0,31596193.0
2023-09-05,4.4,4.38,4.43,4.36,7679300.0,33702750.0
2023-09-06,4.38,4.46,4.58,4.33,21292245.0,95233425.0
2023-09-07,4.46,4.33,4.46,4.33,10373864.0,45453042.0
2023-09-08,4.31,4.38,4.41,4.3,6347452.0,27713903.0
2023-09-11,4.38,4.39,4.44,4.35,11996500.0,52628319.0
2023-09-12,4.4,4.43,4.46,4.36,9535512.0,42041229.0
2023-09-13,4.4,4.36,4.42,4.32,9492400.0,41499483.0
2023-09-14,4.35,4.32,4.37,4.3,5941600.0,25729372.0
2023-09-15,4.33,4.34,4.37,4.3,6340000.0,27492981.0
2023-09-18,4.31,4.35,4.37,4.3,6106500.0,26522389.0
2023-09-19,4.34,4.31,4.36,4.29,6904002.0,29816540.0
2023-09-20,4.3,4.26,4.32,4.24,5301840.0,22709476.0
2023-09-21,4.24,4.27,4.3,4.23,5724248.0,24453003.0
2023-09-22,4.25,4.33,4.34,4.25,6726000.0,28995561.0
2023-09-25,4.32,4.25,4.33,4.23,8212612.0,34989640.0
2023-09-26,4.26,4.19,4.26,4.19,6653696.0,28049544.0
2023-09-27,4.19,4.19,4.21,4.17,5936429.0,24907264.0
2023-09-28,4.21,4.3,4.31,4.2,9541838.0,40658350.0
2023-10-09,4.28,4.26,4.32,4.24,5777354.0,24683062.0
2023-10-10,4.26,4.29,4.3,4.25,6224500.0,26618091.0
2023-10-11,4.3,4.25,4.3,4.24,7569800.0,32268077.0
2023-10-12,4.28,4.37,4.38,4.26,12805465.0,55445519.0
2023-10-13,4.34,4.35,4.4,4.32,10013100.0,43663939.0
2023-10-16,4.37,4.39,4.42,4.35,12224644.0,53631028.0
2023-10-17,4.41,4.33,4.45,4.32,10924300.0,47596634.0
2023-10-18,4.34,4.28,4.37,4.27,8640385.0,37160756.0
2023-10-19,4.26,4.25,4.38,4.25,11180372.0,48170638.0
2023-10-20,4.23,4.15,4.28,4.14,11567364.0,48579977.0
2023-10-23,4.13,4.0,4.16,3.98,12880416.0,52233828.0
2023-10-24,4.02,3.98,4.04,3.92,12741100.0,50787882.0
2023-10-25,4.0,4.09,4.12,3.96,15377535.0,62529992.0
2023-10-26,4.1,4.16,4.17,4.05,11733500.0,48395713.0
2023-10-27,4.16,4.2,4.23,4.13,11423164.0,47814812.0
2023-10-30,4.19,4.26,4.29,4.18,9988100.0,42320737.0
2023-10-31,4.23,4.23,4.25,4.19,11131308.0,46962077.0
2023-11-01,4.23,4.25,4.28,4.19,10289999.0,43571478.0
2023-11-02,4.25,4.19,4.27,4.18,8645434.0,36517806.0
2023-11-03,4.2,4.24,4.27,4.18,8130879.0,34455923.0
2023-11-06,4.26,4.35,4.36,4.24,14856316.0,64288095.0
2023-11-07,4.34,4.32,4.38,4.31,7804588.0,33853169.0
2023-11-08,4.32,4.31,4.34,4.27,10678800.0,45904167.0
2023-11-09,4.3,4.23,4.31,4.21,9484071.0,40305487.0
2023-11-10,4.24,4.22,4.25,4.19,7319472.0,30926427.0
2023-11-13,4.24,4.3,4.3,4.23,8821779.0,37576667.0
2023-11-14,4.31,4.35,4.38,4.28,13030879.0,56558936.0
2023-11-15,4.37,4.34,4.39,4.34,10320700.0,44995685.0
2023-11-16,4.34,4.32,4.37,4.31,7091300.0,30781223.0
2023-11-17,4.31,4.36,4.38,4.31,8113502.0,35283690.0
2023-11-20,4.38,4.37,4.39,4.34,9761948.0,42596790.0
2023-11-21,4.34,4.34,4.38,4.32,10285402.0,44752901.0
2023-11-22,4.33,4.31,4.38,4.31,9320229.0,40436917.0
2023-11-23,4.31,4.37,4.38,4.28,10155900.0,44061734.0
2023-11-24,4.35,4.29,4.36,4.26,11925134.0,51206541.0
2023-11-27,4.29,4.27,4.31,4.23,8636928.0,36838880.0
2023-11-28,4.28,4.3,4.34,4.23,8913200.0,38261907.0
2023-11-29,4.3,4.28,4.33,4.26,8560100.0,36752881.0
2023-11-30,4.26,4.21,4.28,4.18,8876300.0,37433038.0
2023-12-01,4.18,4.18,4.2,4.12,9669100.0,40251264.0
2023-12-04,4.18,4.16,4.21,4.14,8613944.0,35921461.0
2023-12-05,4.16,4.08,4.16,4.08,9741700.0,40073391.0
2023-12-06,4.09,4.09,4.13,4.06,8582100.0,35138568.0
2023-12-07,4.09,4.09,4.11,4.05,9060936.0,36979333.0
2023-12-08,4.08,4.02,4.12,4.02,9164821.0,37273177.0
2023-12-11,4.01,4.08,4.09,3.98,11436072.0,46132990.0
2023-12-12,4.08,4.09,4.1,4.04,7495349.0,30479456.0
2023-12-13,4.08,4.02,4.08,4.01,9440833.0,38163786.0
2023-12-14,4.03,4.04,4.08,4.02,8526920.0,34524316.0
2023-12-15,4.03,4.01,4.08,4.01,7309584.0,29490616.0
2023-12-18,4.01,3.94,4.02,3.92,13629092.0,53955172.0
2023-12-19,3.94,3.89,3.95,3.85,15418849.0,60220931.0
2023-12-20,3.91,3.83,3.91,3.82,12359520.0,47680067.8
2023-12-21,3.81,3.82,3.83,3.74,13378844.0,50717013.0
2023-12-22,3.82,3.76,3.83,3.75,13032756.0,49225996.0
2023-12-25,3.76,3.75,3.79,3.72,7895200.0,29628015.0
2023-12-26,3.74,3.66,3.75,3.66,10327402.0,38095985.0
2023-12-27,3.7,3.74,3.75,3.66,14865451.0,55200165.29
2023-12-28,3.74,3.79,3.81,3.7,10174926.0,38328230.0
2023-12-29,3.86,4.17,4.17,3.84,28390673.0,116478995.43
